<?xml version="1.0" ?>
<config>
    <tabs>
        <mycustom_tab module="first" translate="label">
            <label>banner first configuration</label>
            <sort_order>100</sort_order>
        </mycustom_tab>
    </tabs>
    <sections>
        <mycustom_section module="first" translate="label">
            <label>banner Custom Section</label>
            <sort_order>200</sort_order>
            <show_in_default>1</show_in_default>
            <show_in_website>1</show_in_website>
            <show_in_store>1</show_in_store>
            <tab>mycustom_tab</tab>
            <groups>
                <mycustom_group translate="label">
                    <label>My Custom Banner Width And Width</label>
                    <comment>Some comment about my group</comment>
                    <sort_order>10</sort_order>
                    <show_in_default>1</show_in_default>
                    <show_in_website>1</show_in_website>
                    <show_in_store>1</show_in_store>
                    <fields>
                         <manage_hight translate="label tooltip comment">
                            <label>banner height</label>
                             <comment>give banner hight</comment>
                            <show_in_default>1</show_in_default>
                            <show_in_website>1</show_in_website>
                            <show_in_store>1</show_in_store>
                            <frontend_type>text</frontend_type>
							<sort_order>1</sort_order>
                         </manage_hight>
						  <manage_width translate="label tooltip comment">
                            <label>banner width</label>
                            <comment>give banner width</comment>
                            <show_in_default>1</show_in_default>
                            <show_in_website>1</show_in_website>
                            <show_in_store>1</show_in_store>
                            <frontend_type>text</frontend_type>
							<sort_order>2</sort_order>
                          </manage_width>
						   
						   	<manage_animspeed translate="label tooltip comment">
                            <label>banner speed</label>
							<comment>give banner speed</comment>
                            <show_in_default>2</show_in_default>
                            <show_in_website>1</show_in_website>
                            <show_in_store>1</show_in_store>
                            <frontend_type>text</frontend_type>
							<sort_order>3</sort_order>
                           </manage_animspeed>
						  
						  	<manage_animtype translate="label tooltip comment">
                            <label>banner type</label>
                            <comment>select banner effect</comment>
                            <show_in_default>1</show_in_default>
                            <show_in_website>1</show_in_website>
                            <show_in_store>1</show_in_store>
                            <frontend_type>select</frontend_type>
							<source_model>first/source</source_model>
							<sort_order>4</sort_order>
                           </manage_animtype>
						  
				
                    </fields>
                </mycustom_group>
            </groups>
        </mycustom_section>
    </sections>
</config>