<?xml version="1.0"?>
<config>
    <tabs>
        <prdefinemessage translate="label" module="prdefinemessage">
            <label>Prdefinemessage Extension</label>
            <sort_order>420</sort_order>
        </prdefinemessage>
    </tabs>
	<sections>
		<prdefinemessage translate="label" module="prdefinemessage">
			<label>Configuration</label>
			<tab>prdefinemessage</tab>
			<frontend_type>text</frontend_type>
			<sort_order>888</sort_order>
			<show_in_default>1</show_in_default>
			<show_in_website>1</show_in_website>
			<show_in_store>1</show_in_store>
			<groups>
               <prdefinemessage translate="label" module="prdefinemessage">
					<label>Enable or Disable</label>
					<frontend_type>text</frontend_type>
					<sort_order>140</sort_order>
					<show_in_default>1</show_in_default>
					<show_in_website>1</show_in_website>
					<show_in_store>1</show_in_store>
					<fields>
						<enable translate="label">
							<label>Enable Or Disable:</label>
							<comment></comment>
							<frontend_type>select</frontend_type>
							<sort_order>110</sort_order>
							<show_in_default>1</show_in_default>
							<show_in_website>1</show_in_website>
							<show_in_store>1</show_in_store>
							<can_be_empty>1</can_be_empty>
                            <source_model>adminhtml/system_config_source_enabledisable</source_model>
							<!--<source_model>orderfeedback/type</source_model>-->
						</enable>
                                                
                        <sender_email translate="label">
							<label>Sender Email:</label>
							<comment></comment>
							<frontend_type>text</frontend_type>
							<sort_order>130</sort_order>
							<show_in_default>1</show_in_default>
							<show_in_website>1</show_in_website>
							<show_in_store>1</show_in_store>
							<can_be_empty>1</can_be_empty>
						</sender_email>
                                                
                                                
                          <email_template translate="label">
							<label>Email Template:</label>
							<comment></comment>
							<frontend_type>select</frontend_type>
							<sort_order>140</sort_order>
							<show_in_default>1</show_in_default>
							<show_in_website>1</show_in_website>
							<show_in_store>1</show_in_store>
							<can_be_empty>1</can_be_empty>
                          <source_model>prdefinemessage/allemailtemplate</source_model>
						</email_template>	
                        
						                        
                        <success_mesasge translate="label">
							<label>Success Message:</label>
							<comment>Change Meesage</comment>
							<frontend_type>text</frontend_type>
							<sort_order>150</sort_order>
							<show_in_default>1</show_in_default>
							<show_in_website>1</show_in_website>
							<show_in_store>1</show_in_store>
							<can_be_empty>1</can_be_empty>
						</success_mesasge>
						
						</fields>	
				</prdefinemessage>		
			</groups>
		</prdefinemessage>
	</sections>
</config>